{"cameraMode":{"drawMode":0,"name":"Shaded","section":"Shading Mode"},"sceneLighting":false,"audioPlay":false,"sceneViewState":{"showFog":true,"showMaterialUpdate":false,"showSkybox":false,"showFlares":true,"showImageEffects":true,"showParticleSystems":true},"in2DMode":false,"pivot":{"x":1.7034003734588624,"y":1.011672019958496,"z":-0.8135404586791992},"rotation":{"x":0.2713468074798584,"y":0.011243581771850586,"z":-0.003170096082612872,"w":0.9624150991439819},"size":0.6807264685630798,"orthographic":false}